0.000614,-9.7043e-05,-0.00054407,2.3435e-05,0.00021693,0.00047926,-0.00023632,-0.00034574,-4.0114e-05,-3.9341e-05,-0.00037449,-0.00026446,0.00024795,0.00048435,0.00014667,0.00021589,-4.266e-06,0.00020992,-0.00011446,0.00034343,0.00037629,0.00032583,-0.00028609,-0.00038154,-0.00057744,-0.00053639,-0.00049224,7.0403e-05,0.00053768,-0.00013966,0.0004849,-0.00045998,0.00022759,-0.00073967,-0.00014223,-0.00052877,-0.00032711,0.00066957,0.00042178,3.027e-05,-0.00040324,-4.92e-05,-0.00052534,-0.00057387,0.00067587,0.00013682,-7.1889e-05,-0.00090593,-0.0001663,-0.00027092,0.00065246,0.00040349,-0.00025424,-0.0002342,0.00038232,0.00044739,0.00063837,-0.00054965,0.00022335,-0.00094427,0.00015845,0.00069693,0.00042223,-0.00017412,-0.00033533,0.00024094,0.00043962,-2.1381e-05,0.00058045,0.00078288,0.00044216,-0.00090544,-0.0013045,-0.0011001,-0.0012318,0.00031279,0.00049894,-0.00046306,-0.001138,2.0431e-05,0.00082706,0.00043427,-1.5454e-05,8.3969e-05,-0.00060687,-9.6929e-05,-5.3023e-05,-0.00026221,-0.0005822,0.00049569,0.0012877,-0.00017652,-0.0003797,-0.00090639,-0.00017211,0.0006377,-0.00018052,-0.00096165,7.2513e-05,-1.1816e-05,3.6727e-05,-0.00067458,0.00056437,0.00071535,-0.00025669,0.000171,8.8219e-05,-0.0001461,-3.3896e-05,-0.00041523,-0.00016662,-0.0005973,3.453e-05,0.00060765,0.00024204,-3.8565e-05,0.00029411,0.00035234,-0.00029059,-0.00019066,-0.0002522,-0.00078403,-0.00056071,5.1261e-05,-0.00030449,0.00014344,0.00032555,-0.00074089,-0.00030084,-0.00082432,-3.6835e-05,-0.00043458,-0.00019882,0.00061579,0.00031686,-0.00028872,0.00050115,-0.00020222,0.00038281,0.0001165,2.5755e-07,-0.00057228,-8.4601e-05,0.00010668,-0.00015527,0.00056531,-0.00036622,-0.00084513,-0.00051764,0.00053863,-0.00010083,0.00023751,0.00027188,-0.00082842,0.00034842,-0.0003649,-0.00020602,0.00090538,0.00059288,-0.00021791,0.00068342
0.001023,-0.00022445,0.00017465,4.7051e-05,0.000355,0.00040536,6.7946e-05,-0.00069183,0.00055995,0.00011851,0.00051918,0.00098731,0.00012587,0.00014814,-0.00044881,-0.00030726,0.00041269,0.00021414,0.00031904,-8.099e-05,-2.6985e-05,-0.00077893,-1.8406e-06,-0.00027281,-0.00058023,-0.00045412,-0.00033558,-0.00055914,-0.00012098,-0.00029297,0.00033099,-2.5785e-05,-4.8e-06,-0.00015028,0.00041472,0.00057043,0.00053205,0.00023311,-0.00016365,0.00030594,0.00019964,0.00018307,0.00021919,0.00034344,-0.00055959,0.00046873,-0.00070101,-8.0822e-05,0.00043427,-0.00010263,-0.00080281,-0.00067701,0.00031039,-0.00048907,-1.5824e-06,-3.6479e-05,0.00015012,-0.00078496,0.00057115,-5.9675e-05,0.00040523,0.00048464,-0.00026692,-0.00025662,-0.00091493,0.00079888,0.00028914,0.00037077,0.00099106,0.00037435,0.00063188,0.0001073,0.00028764,2.5434e-05,-0.0008221,-0.00074018,-2.0684e-05,-0.00075979,0.00014588,-0.00059918,0.00060134,6.7962e-05,-0.00060248,4.9405e-05,-0.00012872,0.00040506,-4.8804e-05,0.00059733,-0.00034925,-6.9571e-05,0.00016916,-7.5072e-05,0.00063291,0.00038646,-0.00056175,0.00036215,-0.00027247,0.00043031,-3.0058e-05,-0.00037947,-0.00065845,0.00042756,0.00014146,-0.00025582,-0.00017128,7.1581e-05,0.00019946,-0.00028757,0.00053979,0.0002643,-0.00016218,-0.0006536,0.00038727,0.00053406,0.00075828,-0.0003426,-0.00044264,0.00025226,0.00036361,0.00022493,0.00042719,0.00012958,-8.748e-05,0.00015692,0.00034396,0.00014614,0.00083738,-0.00086629,0.0002423,-0.00093733,0.00027537,0.00014463,-0.00011953,-1.6201e-05,0.00073663,0.00069068,0.00069568,0.00056177,0.00070915,0.00028141,-0.00069486,-0.00022542,0.00030502,0.00033512,-0.0005179,0.00044211,0.0003136,-0.00097669,0.00043473,0.0003652,0.0002637,-0.0011139,0.0005405,-0.00021514,0.00012028,0.00052726,-0.00060136,0.00061278,0.00035828,-7.3699e-05,0.00047428
0.00075299,-0.0005249,0.00030067,0.00026227,0.00038334,0.00014137,0.00027284,-0.00029632,7.2675e-05,-0.00012542,0.00032075,-6.5779e-05,-5.1209e-05,-1.067e-05,0.00031166,-0.0002985,-0.00026153,-9.4473e-05,-0.00074548,0.00026658,0.00047753,-0.0001083,-0.00010029,0.00024027,-0.0004324,-0.00013692,-0.00027474,0.00047139,0.00054457,-0.00052832,7.681e-05,2.5236e-05,0.0001972,8.3569e-05,8.2544e-05,-0.00050591,7.3241e-05,-0.00089768,-0.0010181,0.00053652,-0.00033622,-0.00058184,0.00066025,0.00029597,-0.00015795,-0.00012613,0.00031608,-0.00039644,0.00033948,4.8618e-05,-0.00052832,0.000744,-0.00052939,-0.00028485,2.6327e-06,-0.00038378,-0.00019456,0.00075328,-0.00023388,0.00077,-0.00061801,0.00032607,-9.666e-05,0.000365,0.00016945,0.00080084,0.0002833,0.00037161,0.00033972,0.00090129,0.00043774,-0.00087682,0.00020287,-0.00010867,-0.0008696,-0.00089513,0.00036279,-0.00031009,-0.00052541,-0.00050424,0.00082103,3.1467e-05,0.00041694,0.00059514,-0.00046249,0.00036467,-0.00046366,-0.00027958,-0.00049944,0.00051776,-0.0002519,-0.00072182,0.00031563,-0.00095163,-0.00074472,-0.00021201,-0.00028836,-0.00029672,-0.00021833,-0.00034413,0.00039831,0.0002869,0.00018453,-7.4419e-05,5.0362e-05,-0.00054844,-8.8731e-05,-0.00025738,0.00078599,-0.00023795,-0.00098505,0.00011776,2.0285e-05,0.00030219,-0.00025192,0.00088854,-0.00012933,1.6791e-05,-0.00010921,0.00025685,-0.00031692,0.00063087,0.0003951,-0.00034951,9.1672e-05,0.00026932,-0.00073088,0.0007356,-0.00028647,-0.00034018,-0.00050772,-0.00061732,-0.00032329,-4.2005e-05,-0.00032484,0.00041895,-0.00081527,-0.00047468,-0.0005815,-0.00053205,0.00015019,0.00014581,-0.00046805,0.00070566,4.6411e-05,-4.6529e-05,5.4087e-05,0.00062743,-0.00046213,-0.00021254,-0.00037462,0.00064778,0.00011199,0.00039711,-0.00027586,-0.00016493,0.00066539,-0.0003657,-0.00027461,2.6726e-05,0.00049007
-0.0004995,0.00025544,0.0001759,0.00013154,-0.00043696,-0.00040355,0.00018073,0.00040346,-0.00012464,-0.0001801,-0.00055126,-0.00045032,-1.3805e-06,-0.00013343,-8.343e-05,0.00012854,0.00028292,9.1482e-05,6.0685e-05,0.00028646,0.00016325,-0.00034441,0.00018768,0.00022583,0.00026556,0.00021913,-0.00014061,0.00053173,0.00035331,-0.00017336,0.00066193,-0.00024688,-0.00053936,-0.00048161,-0.0006554,0.00060811,-0.00030394,-0.00016742,-0.0001619,-0.00032228,0.00017463,-0.00025071,0.00077345,0.00011899,0.0003304,0.00071202,-0.00027662,0.00043427,-0.00042667,-8.0001e-05,0.00030681,1.3121e-05,1.3127e-05,-0.00054326,0.00064522,0.00023154,0.00010501,0.00036519,0.00057427,3.2622e-05,-0.0002949,-0.00037954,-4.8382e-06,0.00019114,0.00052877,-3.0133e-05,0.00057729,6.2866e-05,-6.098e-05,8.6811e-05,0.00077617,0.00029679,5.116e-05,-0.00057176,0.00023409,-0.001207,0.0002512,0.00029847,0.00051973,-5.4489e-05,0.00034121,0.00033709,0.00027971,0.00012758,0.00048219,-0.00072686,0.0006196,0.00055447,0.00029349,-0.00057642,0.0001702,0.00021067,0.00042673,9.099e-05,-0.00089298,0.00043853,0.00016102,-0.00051624,0.0001812,0.00073236,-0.00087542,0.00028765,0.00019024,0.00050427,0.00017132,-0.00075823,0.00048743,-0.00055139,-0.00080782,-0.00029192,0.00068736,-0.00069184,-0.00074813,-3.7946e-05,-0.00011937,0.00024663,2.3888e-05,-0.00036253,-0.00066328,-0.00079833,0.00044405,6.4458e-05,-0.00026285,6.0379e-05,-0.00017181,-0.00010267,0.00059915,0.00033776,-6.5423e-05,-0.00037326,-0.00038446,1.1073e-05,-0.00064671,0.00037416,-0.00067168,9.4213e-05,-0.00058371,-0.0011618,0.00047525,0.000276,-0.0010006,-0.00018306,-0.00031988,-9.2682e-05,-0.00045795,0.00050055,-0.00079707,-0.00086177,-0.00054814,-0.00027327,0.0001392,0.00017685,0.00052234,-0.0002018,0.00024419,0.00016762,0.00062722,0.00012777,-0.0005242,-0.00072673,-7.6237e-05
4.2173e-05,0.00029974,-0.00048094,-3.417e-05,0.00029833,-0.00021535,0.00011055,-8.6556e-05,0.00024299,0.00047562,0.00019682,0.00019158,-0.00013745,-0.00020481,-9.8651e-05,-1.2292e-05,-0.00061148,6.0122e-05,0.00017215,-0.00022192,0.00014609,3.504e-05,-0.00039958,-7.6697e-05,-0.00030235,0.00026906,0.00013274,-0.00022539,-9.7722e-06,0.00015639,-0.00011674,-8.5771e-05,-5.8525e-05,-3.591e-05,-0.00041741,8.2737e-05,0.00049228,0.00019135,-0.00042775,0.00069154,-0.00020683,7.5866e-05,0.00053255,-0.00020572,-0.001056,-0.00012697,8.7034e-05,0.00024675,0.0003708,0.00039828,-0.00075199,-0.00036932,-0.00036857,0.00025976,-0.00055949,0.0004896,7.5911e-05,-0.00024793,-0.00012531,-0.00057025,-0.00053489,-0.0001364,0.00055251,0.00022584,-0.00016129,9.5295e-05,-7.4829e-05,-0.00057378,0.00085226,0.00079828,0.00010501,-0.00012669,-0.00034722,0.00035002,-0.00038977,-0.00023049,-0.00037827,0.00017097,0.00049358,-0.00064206,0.00031289,9.2925e-05,-0.00017113,-0.00011334,-0.00047934,-0.00029102,4.026e-05,-0.00053027,-0.00082971,0.00060794,0.00041969,-0.00015783,0.00032477,0.00026267,5.7596e-05,-0.00016622,2.1618e-05,0.00070775,-0.00057099,-0.00046586,-0.00046219,-0.00057443,0.00062745,-0.00095073,-0.00076692,5.313e-05,0.00035144,-0.00042086,-0.00055622,0.00070131,-1.7838e-05,-0.00082975,-0.00054243,0.00031611,0.0003018,0.00056101,-0.00080029,-0.00017941,0.00047831,-0.00018474,-0.00090054,0.00010673,-0.00050565,-0.00023149,0.00053358,0.00025683,-0.00014588,-0.00030398,-0.00010756,-0.00017624,0.00014162,-0.00057077,0.00027809,0.00027188,-0.00033041,0.00051924,-0.0008266,1.2491e-05,-0.00019802,-0.0009443,-0.00052178,-0.00022133,-0.00045777,-0.00054094,0.00028205,0.00036934,-0.00018105,-0.00044651,-0.00077213,-0.00030211,-0.00022539,7.0102e-05,-0.00084382,-7.8777e-05,0.00019829,-0.00042113,6.0378e-05,0.00022323,-0.00029845,0.00039205,0.00014337
0.0018186,-0.00025088,-0.00011834,-0.00056091,-0.00017084,-0.00019354,-5.2309e-05,0.0002053,0.00013291,-0.00017076,0.00027749,0.00096958,5.4158e-06,0.00058465,-0.00070879,-0.00079314,0.00042307,0.00023418,0.0005897,0.00039184,-6.6997e-05,0.00034439,-0.00080838,-0.00033629,0.00017141,-0.00050111,-4.06e-05,-0.00048922,-2.6871e-05,0.00041892,-0.00045234,0.00052939,0.00024915,0.00015759,-0.00024799,-0.00010275,-0.0003726,-0.00087145,-0.00044671,-0.00049711,-0.00022557,-0.0011188,-0.00032812,0.00031065,0.00077616,-0.0007139,0.00034337,0.00010616,-0.00063696,-0.00080329,-7.0389e-05,0.00049604,2.5561e-05,7.3998e-05,-0.0004037,0.00078974,-0.00025964,0.00029852,-0.00062716,0.0012508,0.00031524,-0.00065062,0.00070411,0.00098057,0.00020317,0.00063558,0.00037703,-0.00052827,-0.00031601,-0.00026722,0.0010926,-0.00011192,-8.3095e-05,0.0005424,-0.00060668,-0.0010008,-0.00087665,3.5769e-05,0.00011176,-0.00031129,-3.1797e-05,0.00026666,0.00067976,-0.00038563,-0.00049485,0.001085,-0.00041543,-0.00038148,-0.00059826,-0.00030805,0.00037457,-0.0005753,-0.00059834,0.00055587,-0.00025442,0.00069278,0.00071318,0.00040894,9.724e-05,0.00015432,0.0014765,-6.5024e-05,0.00071559,-0.00043412,-0.00085128,-5.3269e-05,-0.00025102,-0.0011066,0.00027398,0.00012758,-0.0003163,0.00011634,0.00088948,0.0001723,0.00020813,0.00073735,-0.00026226,-0.00059393,-0.00024769,0.00049494,-0.0013129,0.0011284,0.001309,-0.00034488,-0.00033632,-0.00098768,-0.00011987,9.9481e-05,0.00037847,0.00067266,-4.4143e-05,0.00080762,0.00067746,0.00050449,0.00093168,0.00076107,-3.8335e-05,3.3158e-05,0.00049003,0.00025576,0.00082592,0.00084856,-0.00018759,-3.7331e-05,9.637e-05,0.00026752,0.00091968,0.0005952,0.00039557,0.00089728,0.000801,-0.00067405,-0.00062517,0.00044406,-0.00042861,-0.00017729,0.00033834,0.0008786,0.00045124,4.2298e-05,-0.00035344
-0.00047735,0.0004017,4.3161e-05,0.00046843,-0.00088734,-0.00042491,0.00034296,0.00023773,-0.00035294,-0.00038064,0.00012015,0.00023176,-0.00016551,-0.00048033,-0.00031222,-0.00057282,-0.00024705,0.00037491,-9.3423e-05,0.0003006,0.00021015,-0.00056339,-6.2209e-05,0.00020878,2.3037e-05,0.00022279,0.00024554,0.00070972,-0.00030422,0.00044188,0.00036251,0.00051276,-0.00019594,-0.00036936,-0.00078604,0.00029919,-7.4093e-05,0.00037163,0.00064141,-0.00018331,0.00029676,0.00088722,-0.0006398,-0.00023999,-0.00024362,-0.00018718,-0.00032849,0.00022101,-0.00028588,0.00037359,-0.0011503,0.00075797,0.00028032,-0.00025806,-0.00082845,-0.00051356,0.00031728,0.00013001,0.0001769,0.00010368,0.00032892,0.00023742,7.638e-05,-0.00053528,-0.000625,-0.00062414,-0.00020171,0.00089539,-0.00026702,8.4784e-06,-0.00023883,0.00098359,0.0011291,-2.4986e-05,0.00052037,-1.6101e-05,0.00035609,-0.00018523,0.00097449,-0.00043878,-0.00044353,-0.0002238,-7.8428e-05,-0.0006931,-0.00041353,0.00017907,0.0010554,0.00044615,0.00065224,-0.00032762,-2.7952e-05,0.00047901,0.0002479,0.00075926,0.0010352,0.00024154,0.00038884,0.00014713,0.00034425,-0.00033196,-0.00044895,-3.2899e-05,-0.0010354,7.0708e-05,-0.00017664,0.00016468,0.00017032,0.0006973,0.00026006,-0.00051096,0.0009429,-0.00052442,-0.00034665,-0.00094067,0.00058664,-8.7664e-05,1.0973e-05,0.00073221,-0.00010099,0.00027274,-0.00010032,-0.00062321,-0.00021915,0.00098554,0.00025365,0.00069004,0.0010419,-0.0010338,4.1978e-05,0.00031761,0.00030307,-0.00025745,-0.00059538,-0.00092405,-0.00092321,-4.8977e-05,0.00090735,-0.00015781,0.00079159,0.00061089,-0.00024056,-0.00019142,0.00089087,0.00033646,2.2339e-06,0.0005225,0.00046162,-0.00032812,-0.00035556,-0.00070992,5.6055e-05,-0.00032617,0.0010498,-0.0002982,3.7058e-05,-0.0001198,-0.00062028,0.00018603,0.00090422,-0.00088239,0.00016729
0.00025847,0.0002077,-0.00011565,-6.3971e-05,0.00024547,-0.00027873,0.00038949,-0.00034719,-0.00021505,0.00039085,0.00023562,-0.0001584,-0.0002182,-0.00021182,-0.0004084,-0.00040522,1.6559e-05,0.00028412,0.00024742,-0.00027711,0.00020703,-0.00052221,-0.00030353,3.7953e-05,0.00050858,0.00029271,0.00035516,-7.8724e-05,3.1174e-06,-0.00026409,0.00050556,-0.00043391,-5.3899e-05,-0.00066353,-2.7824e-05,-2.5254e-05,-0.00077187,0.00038261,-0.00017782,-0.00027617,0.00073723,-0.00014874,-0.00020127,0.00042846,-0.00069927,0.00018283,0.00030647,-0.00079576,0.00038777,0.00073461,-0.00093906,-0.00011844,0.0004885,0.00023552,0.00023914,0.00040986,-0.00027069,0.00034173,-0.00047104,-0.00085383,0.00037836,0.00026239,-0.00066061,0.00050129,4.1894e-05,-0.0012418,-0.00034949,0.0010934,-0.00047067,0.00023973,-0.00050309,0.0003936,0.0012575,0.00017306,0.0010298,0.00099814,0.00036955,0.00027609,0.00039643,-7.3819e-05,-0.00029771,-0.00019076,0.00039941,0.0002118,0.00049589,5.7988e-05,0.00047672,-6.8654e-05,0.00051906,-0.00025737,-0.0012647,0.00064614,0.00016239,0.00079875,0.00031542,-0.0013908,-0.00022047,-0.00031887,-0.0006258,0.00015993,-0.00057923,-0.00084761,-0.00081936,0.00038172,0.00042501,-0.00034133,0.00090245,0.00076637,-0.00083531,-0.00017998,0.00075327,0.00055137,-0.00023835,-0.00065164,-0.00094014,-0.00038867,-0.00026228,-0.00051384,-0.00048897,-5.5594e-05,0.00077878,-0.00096979,-0.00043111,-7.0891e-05,0.00057499,0.000532,-0.00017462,-0.00034622,0.00043438,-0.0009302,-0.00030506,-0.00032553,-0.00052136,0.0002302,-0.00022754,0.000545,-0.00021689,8.4048e-05,0.00027227,-0.00038758,-0.00024382,-0.00086392,0.00030775,0.00035059,-3.8924e-05,0.00034036,-0.00058293,-0.00051278,-2.4413e-05,-0.00066819,-0.00010737,0.00046664,-1.5225e-05,-0.00029542,-0.00074764,0.00039472,0.00049109,0.00060727,0.00071968,-0.00076293,-0.00025125
0.00013177,-0.00021365,0.0003802,-0.00044878,0.00028313,-0.00071859,0.00024184,0.00031222,-0.0007898,9.1793e-05,2.2878e-05,3.8106e-05,0.00049676,-0.00015178,0.00057809,-0.00032756,-0.00020666,-0.00027971,0.00027075,-0.00042334,0.0003644,-0.00025015,0.0002343,0.00065153,-0.00011282,-0.00055136,-0.00050809,0.00097701,9.4436e-06,-0.00030797,-0.00017843,0.00054958,-1.9154e-05,9.4979e-05,-6.9057e-05,-0.00049168,-0.0003806,-0.0010365,-0.0011867,-0.00014737,-0.00049724,-0.0012394,-0.00029155,0.00020512,0.0010774,4.0889e-05,0.0008482,0.00076766,-0.00068456,-0.00092422,0.0011324,0.00054612,0.00011882,-0.00024546,-0.00011119,-0.00050898,-0.00024636,-0.00021563,-4.9616e-05,0.0015685,-0.00063224,1.9994e-05,0.00037795,0.00056911,0.00065801,0.00010964,0.00040915,0.00063516,-0.00082654,-0.00025514,0.00010335,0.00015924,0.00064064,-0.00020911,0.00018787,0.0006064,-3.6343e-05,-1.727e-06,-0.00020709,-2.5964e-05,-0.00023066,-0.00027042,0.00050463,-0.00025481,-0.00051749,-0.00055985,-0.0005985,0.00048038,-0.00017802,-0.00057969,0.00035414,-0.00040015,0.00040869,0.00029451,5.2809e-06,-0.00018499,0.00056544,-0.000579,-0.00011247,0.000332,-0.00067132,-0.00031276,-0.00039963,0.00075961,0.00066387,0.00058394,0.00030932,-0.00013632,-0.00021073,-0.00049557,0.00074482,-0.00053198,-0.00069686,0.00027663,-0.000586,0.00022891,-0.00050449,-0.00027633,-6.5131e-05,0.00045667,0.00059961,-0.00083371,-0.00070052,0.00010178,-0.00036313,0.00024311,-0.00025142,-0.00084816,0.00044881,0.0014687,-0.00047405,-2.4533e-05,0.0017376,0.00073823,0.00030652,-0.0015212,-0.0011596,0.0003511,-0.00049157,0.00038521,0.0010119,0.00091544,-0.0010459,8.6791e-06,0.0016617,0.0010057,0.00036182,0.0014983,-0.0011405,0.00031485,-0.00013105,0.0013647,-0.0014242,0.0015839,0.00040848,-0.00077309,0.00036075,-0.0013862,-0.00104,0.00052183,0.00031147
0.00018565,0.0002645,0.00060262,-0.00038874,-0.00015356,0.00010831,0.00027122,-0.00079435,-5.2223e-05,-0.00074972,0.00031801,0.00025844,-5.616e-05,0.00023872,-1.439e-06,0.00038506,0.00041005,-0.00011669,-0.00013239,-0.00054927,-0.00027526,-0.00050579,-2.0345e-05,0.00043413,0.00031659,-0.00011924,0.00013158,5.6969e-05,0.00062397,3.1792e-05,0.00052011,-3.95e-05,-7.496e-06,0.00022809,0.00011442,-0.00013314,1.3578e-05,5.0736e-05,-2.3953e-05,-0.00011699,-0.00050243,0.00037541,-0.00024664,-0.00036085,-0.00016889,-0.00067433,0.00022664,0.00052514,-0.000268,0.00010824,-0.00043562,-0.00031828,4.2559e-05,0.00025681,0.00033115,-0.00038161,0.00069915,0.00067279,0.00075805,0.0012026,0.00029949,-0.00059879,0.00017808,-0.00068469,-0.0010621,-0.00076898,-0.00057739,0.00019341,0.00031587,0.0005673,0.00014647,0.00089894,0.00050421,0.00024319,0.00042541,0.00032486,-0.00024883,-0.00060692,-0.00032653,-0.00040275,-0.00020553,-0.00019611,0.0002966,-5.804e-05,2.8815e-05,0.0006823,3.8432e-05,-3.5895e-05,5.8714e-05,-0.00063618,-0.00096437,0.00021889,-0.00071001,0.00026213,0.0002199,-0.00013706,0.00020879,-0.00028882,-6.2882e-05,0.00059452,-0.00059947,1.9561e-06,-0.00074708,0.00071904,0.0009798,0.00066973,0.00050564,-0.00037987,0.00043281,3.4379e-05,-0.00044551,0.00082332,0.00048824,0.00044541,0.00015273,-0.00022199,-0.00027511,-8.5166e-05,-0.00055262,-0.00016665,0.00060759,0.00029772,-0.00016515,0.00052457,0.00060299,0.0002384,0.0007273,0.00040004,-0.00051213,2.3141e-06,-0.00047602,-0.00034145,-0.00021057,-0.00038741,0.00032401,0.00032106,-0.00043778,0.0001383,2.2469e-05,3.9412e-05,-0.00035028,-0.0006883,0.00035178,-0.00037191,0.00036596,-0.00049005,0.00071974,-0.00061004,-0.00059951,0.00032352,-0.00029331,-0.00032902,0.00033148,-0.00051522,-1.1686e-05,0.00042516,8.4836e-06,0.00061193,-0.00028033,-0.00046014,0.00058878
-0.0017616,1.4231e-05,-0.00033946,-0.00051847,0.00048186,-0.00035248,-7.1184e-05,1.2373e-05,0.00068055,0.00031126,4.4525e-05,0.00028587,-0.00016977,0.00032351,0.00062993,-0.00013411,-0.00030969,-7.8752e-05,3.9359e-05,0.00020606,-1.6247e-05,-6.4915e-06,-6.3652e-05,-0.00054759,-0.00018808,0.0001228,0.00016044,-0.00017934,-0.00017127,-0.00012971,-0.0003851,0.00031774,-2.8828e-05,-0.0003952,6.2539e-05,0.00015894,0.00031948,-0.00045604,0.00090414,0.00012453,-0.00020312,0.00068385,-0.00025453,-0.00025542,-0.0001429,-6.1942e-05,0.00024432,-0.00071392,-0.00040358,2.4002e-05,0.00059375,-0.00073659,0.00016337,0.00094359,0.00026645,4.2384e-05,-0.0003928,-0.00058848,0.00055236,-1.0974e-05,0.00020577,-5.927e-05,0.00068517,-0.00097049,-0.00053279,-0.00045133,-0.00060327,-0.0006553,0.00028239,0.00058563,-0.0010336,-3.9935e-05,0.00056272,-0.00044084,-0.00026499,0.00074072,0.00012777,0.00013934,0.0008022,-0.00035517,-0.00041265,-0.00094445,-0.00031729,-0.00056053,-5.1005e-05,-0.00056806,0.00040328,-0.00030373,-0.00040351,-0.00032515,8.5566e-05,2.6964e-05,0.00055793,-0.00012474,0.00070016,-0.00056945,5.2454e-05,-0.00047518,-0.0005106,0.0004984,-0.0011853,0.00019663,1.8492e-05,0.00048842,0.00059091,0.00042899,0.00028979,0.00022151,-0.00036983,0.00064893,0.0010928,0.00072834,-0.00067633,-0.001097,-0.00052867,0.0004111,0.00082983,0.00023647,-3.5497e-05,3.8764e-05,0.00032216,-0.00020821,-0.00077821,-0.00019374,0.0002361,0.00071257,0.00019645,-0.00035992,6.0951e-06,0.00020103,-0.00038008,-0.00012218,7.8647e-05,-3.0881e-06,-0.00055911,0.00034404,0.00023947,-0.00082488,-0.00014598,-0.00055996,0.00027578,-0.001047,-0.00061237,-0.00082534,-0.00055746,1.0495e-05,-0.00085431,-0.00014022,0.00082905,-0.00043352,0.0003115,-5.0605e-05,-0.00048772,0.00040424,-0.00033406,-0.00041109,-0.00050556,0.00038631,0.00032259,0.00060537,0.00055231
-0.00026664,-0.00017133,-2.6506e-05,-0.00049257,-0.00013605,0.00012793,0.00031323,-0.00047849,-0.00036931,-0.00079092,0.00010383,-0.00015503,3.6438e-06,-6.1332e-05,1.9759e-05,-0.0001943,-0.00012878,-0.00060266,0.0003602,0.00011113,0.00028923,0.00016662,-0.00078731,0.00023211,0.00017642,-2.917e-05,-0.00030959,0.00083891,0.0002117,0.0003233,0.00046848,0.00053474,0.00068152,6.7928e-05,0.00061991,-0.00062006,0.00049312,-0.0012073,-0.0004541,-0.00013837,-0.00088295,-0.0013703,0.0001154,0.00023183,0.002024,-0.00062415,-1.4583e-05,0.00038191,-0.00023764,-0.0012005,0.00098885,-8.403e-05,0.0010934,-0.0011568,0.00022819,0.00052467,-7.4442e-05,-0.00041262,-0.00057046,0.0013603,-0.00025017,0.00032197,-0.00033874,0.00044728,0.0021095,0.00036721,0.00044649,-0.00014952,-0.00029983,0.00035589,-0.00042856,-2.7687e-06,-0.00024003,-0.0001775,-0.00032267,7.6233e-05,0.00024435,-4.7718e-05,-0.00027057,-0.00060835,0.00050856,-0.0004834,0.00034042,0.00061512,-0.00017808,-0.00030968,0.00038274,0.00029716,0.00057263,-2.4059e-05,-0.00046125,-0.00040605,-0.00052194,0.00014887,-0.00014896,-0.00084518,-0.00072827,0.00071718,0.00014354,-0.00067151,0.00084361,-5.0766e-05,0.0011619,-0.0005581,-0.00048983,-0.0005352,-0.0010407,-0.0002778,-0.00014103,0.00082044,-0.00080463,0.00042688,0.00062288,0.00085601,0.00064659,-0.00023491,-0.00083108,0.00033155,-0.00046203,0.00084344,-0.0008935,0.0010622,0.00029411,0.00015229,0.00030651,-9.0909e-06,-0.0013713,0.0010178,-0.00064256,0.0015092,-0.00068775,-0.0011553,0.0014606,0.00081143,7.3817e-05,-0.0010072,-0.0010961,0.00044619,-0.0011435,0.00077131,0.0010295,0.00010955,-0.0010201,4.5322e-05,0.0011289,-0.00022571,-0.00048523,0.0008981,7.0758e-05,-0.0004019,-1.2341e-05,0.00045296,-0.00088943,0.0003805,0.00076523,-0.00029406,0.00079988,-0.0010286,-0.00068689,0.00016475,0.00028867
0.00081195,-0.00014327,0.00042338,0.00026608,0.00065812,-0.00017059,-9.2367e-05,9.7422e-05,-0.00025562,-0.00024403,0.00037376,6.5633e-05,-0.00059242,-0.00055871,-0.00025206,0.00041437,-9.1205e-06,0.00023645,-0.00023289,0.00041864,0.00024311,0.00013705,-0.00026497,0.00041293,0.00017259,0.00024504,0.00040886,-0.00022581,-0.00019029,-0.00020356,0.00016788,-0.00073243,0.00022253,-0.00022267,-0.00035626,0.00064978,-0.00030014,-0.000191,-0.00017306,-0.00033756,-0.0004445,-0.0003851,-0.00065841,0.00048602,0.00072191,-0.00045937,0.00068411,0.00013222,-0.00028021,-0.00023033,-0.0009837,0.00047079,0.00076978,-0.00094959,-0.00058983,0.00012213,6.9425e-05,0.00027253,-0.00021625,0.0011866,-0.00058305,0.00018109,0.00060483,0.00041029,-0.00030592,-0.000522,0.00044229,0.0006599,0.00047799,-0.00036589,0.00079997,0.00015168,0.00063852,0.00027678,0.00034097,0.00073983,-0.00035646,-5.9096e-05,5.5165e-05,6.1905e-05,0.00034622,-0.00040376,-0.0002634,-0.00039486,-0.00044761,0.00051536,0.00088489,0.00011446,-0.00061857,0.00027536,-0.00057511,-0.00057824,-0.00019832,3.9396e-05,0.00056618,-0.0007102,0.00050891,0.00057248,-0.00044947,-0.00077065,0.00017265,-1.8139e-05,1.2535e-05,-0.00093956,0.00018612,-0.00025701,-0.00020315,-7.4565e-06,-0.00063056,-0.00027354,-0.00082283,-0.00026985,0.00091081,3.502e-05,0.00018823,0.0004332,-0.00068393,6.492e-05,0.00048542,0.00035602,4.0926e-05,0.00068317,0.0010216,-0.00070766,-0.00056267,0.00010654,-0.00088414,0.00085709,4.5783e-05,8.2684e-05,-0.00035655,-0.00028752,0.00092134,0.001065,-6.3869e-05,-0.00042838,-0.00039238,0.00018483,-0.00045861,0.00025908,-0.00046592,-0.00013552,0.00011784,0.0002004,0.00052913,0.00048988,-0.00033262,0.00087226,-0.00069384,-0.00038017,-0.00048753,0.00071834,-0.00023849,0.0010171,0.0011232,-0.00062495,0.00015072,-0.00053086,-0.00097286,-0.00010719,-0.00068523
-8.3494e-05,-0.00012994,0.0003353,0.00030958,-0.00038079,-0.00018734,2.9442e-05,0.00040887,0.00013006,3.2732e-05,-2.108e-05,0.00086893,0.00022846,0.00023399,-0.00039626,0.00019121,-0.00041365,0.00016764,0.00011393,-0.00047013,0.00040331,-0.00031425,7.926e-05,-0.00036609,-9.4033e-05,0.00048845,-0.00044944,-0.00015194,0.00045596,-0.00056303,-0.00038532,0.00039632,0.00020294,-0.00043987,0.00053797,-0.00062527,-0.00055065,9.3228e-06,0.00036037,3.2518e-05,0.0004789,0.00017248,-0.00066388,-1.2727e-05,-0.00027365,0.00017121,-0.00066371,-0.00023929,0.00076986,-0.00011819,-0.00035715,0.00073385,-0.0001811,0.00020934,0.0006301,0.000602,0.00041109,-0.00033322,-0.00018643,4.5315e-05,0.00031838,0.00061281,0.00027738,-0.00013482,-0.00056473,5.6449e-05,0.00048698,0.00025677,-0.00035759,-0.00047304,0.00010168,0.00073595,0.00065491,0.00056215,-0.00024792,8.9438e-05,0.00044293,-0.00018013,-1.9009e-05,0.0001417,0.00033267,0.00029116,-0.00038794,-0.00027848,0.000143,2.7014e-05,-0.00057135,-0.0006374,0.00039426,-0.00042414,0.00045738,0.0001019,-0.00034366,0.00036389,0.00017483,-0.00084749,-0.00033092,0.00024469,0.00036758,0.00015456,0.00013696,0.0007451,0.00058681,-0.00033037,-0.0004656,-0.00028919,0.00011379,-0.00086956,0.00043375,0.0003415,-0.00047885,-0.00045679,0.00083935,0.00091531,0.00048073,-0.00011167,0.00040138,-0.00061176,0.00067288,0.00010407,-0.00066294,0.00021449,0.00066162,-0.00063179,0.0008727,-0.00076144,-0.00044692,0.0009764,-0.00064124,0.000509,0.00030106,0.00052243,0.00071697,0.00082535,0.0003781,0.00011751,0.00039927,-0.00049562,-7.5922e-05,0.00035923,-0.00057386,-0.00049669,-0.00028751,0.00014098,-0.00034907,0.00022953,-1.6842e-05,0.00059069,9.981e-05,0.00040004,-0.00039842,-0.00048042,-2.0371e-05,0.00030801,-0.00011721,-0.00066604,0.00046764,0.00015841,0.00036042,0.00018505,0.00034363
0.00037361,-6.1435e-06,-7.079e-05,-0.0003802,8.8592e-05,-0.00012748,-0.00016729,0.00051589,0.00012832,0.00015394,0.00046173,-4.5546e-05,-8.2505e-05,-9.2151e-05,0.00015633,0.00020831,0.0007978,-0.00013284,-0.00032013,-0.0003555,-0.00015788,0.00041596,0.00041337,1.1419e-05,-0.00021127,-0.00011139,0.0002378,-0.00017808,9.2324e-05,-0.00040023,-0.00016017,-8.7476e-05,-0.00032707,0.00036068,0.00028588,0.00054215,-0.00035611,-0.00086418,-0.00052813,0.00044737,-0.0001662,-0.0001084,0.00037913,0.00039694,-0.00067847,0.00039001,-0.00033295,0.00012965,6.3961e-05,0.00010592,2.1593e-06,-0.00038455,0.00036297,0.00034164,-0.00057604,0.00037387,-0.00012445,0.00069666,0.00065085,0.0005525,-0.00032713,-0.00026867,0.00015537,-0.00018017,-0.00030567,-0.00016224,-0.00032723,2.8423e-05,-0.00090099,-0.0001445,0.00061599,0.00048763,0.00055598,-5.66e-05,0.00027194,-0.00071298,-0.00039055,-0.00079961,-0.00023708,0.00070354,0.0001653,-0.00031581,-0.00070652,0.00026533,-0.00053845,9.8947e-05,-5.5261e-05,6.9538e-05,0.00064197,0.0001184,-0.0008897,0.00026284,0.00011104,0.00033414,0.00085033,-0.00038268,-0.00035135,-0.00072335,0.0003203,-0.00025963,9.3573e-05,0.00031974,0.00031955,-0.00033952,0.00021489,-0.00022018,0.00034846,-4.4779e-05,0.00080278,-0.00036496,0.00049623,-0.00010717,-0.00026612,-0.00011453,-0.00067831,2.3261e-06,0.00035587,-0.00059128,0.00038471,0.00020975,0.00054532,-0.0006572,-0.00075526,-0.000542,-0.00025324,-0.00014551,0.00033123,-8.6026e-05,-3.3036e-06,-0.00041653,0.00030791,0.00054946,-0.00029673,-0.00056107,-0.00053123,0.0007204,-0.00029149,0.00043947,9.2191e-05,0.00057984,-0.00015771,-0.00025294,-0.00032181,4.9603e-05,-0.00048982,-0.00085577,-0.00060485,-0.00029072,-0.00050504,-0.00010943,-0.00015215,-0.00015276,-0.00024101,0.00011069,-0.00075594,0.00047242,-0.00022581,0.00039626,-0.00014084,-0.00033615,0.00012654
-0.0002572,-0.00038037,-0.00019396,-0.00054031,1.0268e-05,-8.9105e-07,0.00033678,0.00032004,-8.7411e-05,-7.6483e-05,0.00033227,0.0005064,-9.1978e-05,0.00019556,-0.00012852,-0.00042227,-0.00035663,-1.2232e-05,0.0002864,-0.00020664,0.0001372,-0.00043668,-0.00015421,0.00034168,4.5581e-05,0.00049665,-7.4022e-05,0.00011657,3.8061e-06,-0.00011251,-5.0169e-06,0.00050233,0.00011481,-0.00065499,9.7801e-06,-0.00020273,0.00023212,-0.00052692,0.00022417,0.00031922,0.00086206,-0.00033695,-0.00035563,-5.9627e-05,0.00041608,-0.00034091,-0.00013501,-0.00025981,-0.00016218,-0.00024642,0.00020359,1.1313e-05,0.00035673,0.00020251,-0.00019244,0.00019286,0.00066477,0.00024947,0.00057166,0.00073375,-0.00036284,-0.00036717,0.00012219,0.00015886,0.0011128,-0.00053216,-6.6309e-05,0.0002614,-0.00039906,-0.0010592,0.00016174,0.00041847,-0.00036426,0.00031354,0.00015597,0.00044167,2.6507e-05,-2.7748e-06,-0.00024543,0.0001475,-0.00041151,-0.00046094,-0.00048944,0.00049141,-0.00013047,0.00045969,-0.00051089,4.9416e-05,-3.9639e-05,-0.00070367,-0.00037954,-0.00070476,0.00024896,0.00061333,0.00030615,-0.00055948,0.00028529,-0.00088738,0.00042909,0.00064842,-0.00089737,-0.00017867,0.00041001,-0.00019949,-1.2942e-05,0.00036638,0.00026526,-0.00018114,0.00017692,-0.0008607,-0.00047649,0.00010097,0.00037685,-0.00029858,0.00036377,-0.00080569,-0.00052231,-0.00040494,-0.00084928,-0.00031675,-0.00039616,-0.00043705,-0.00011775,-0.00042837,0.00026608,0.00019091,0.00019904,-1.9451e-05,-0.00030794,0.00012284,0.00047618,-0.00071022,-0.00052859,0.00010637,0.00064239,0.00042509,9.215e-05,-0.0010214,0.00023031,-0.00063758,0.0002629,-0.00072055,0.00017991,-0.00049991,0.00081511,-0.00034959,0.00044795,-0.00045033,6.5162e-05,-0.00068171,0.00052625,-5.5204e-05,-0.00033824,0.00027538,-0.00011866,0.00052171,0.00066281,2.1335e-05,-0.00060217,0.0005594,-0.00090531
0.00021078,-0.00059259,0.00043008,-0.00020531,-0.00020067,-8.5536e-06,-0.00023447,-0.0005261,-0.00038644,8.6405e-05,-0.00017095,0.00019721,6.3652e-05,8.9907e-05,0.00042301,-0.00046522,-0.0005473,0.00027848,0.00031704,-0.00012623,3.9434e-05,-0.00020582,0.00026189,0.00087833,-0.00066071,3.6576e-05,0.00027615,-0.00017491,0.00054361,0.00012429,6.2535e-05,-0.00066334,0.00048458,-0.00046223,0.00071767,-0.00047971,0.00037957,0.00015173,0.00083457,-0.00025808,-0.0004961,0.00093194,-0.00036109,0.00023879,-0.0003751,0.00056947,0.00048253,-0.001089,-0.00055835,1.1536e-05,-0.00042516,-3.7173e-05,4.4969e-05,-0.00032597,-1.2673e-05,-0.00040363,-6.6059e-05,0.00036897,-3.1429e-05,-0.00013405,0.00051405,8.3024e-05,0.00047008,-0.00073221,-0.00022205,0.00062147,0.00094072,-0.00069107,0.00094982,-0.00045531,-7.5132e-06,-0.00082139,-0.00021772,0.00027373,0.00046195,0.00026857,0.00060676,0.00063501,-0.00091695,0.00057628,0.0010931,0.00044136,1.1999e-05,0.00053616,0.00039313,-0.00026787,5.6364e-05,0.00089793,-0.00080387,-0.00010648,0.00013399,-0.00068373,0.00016157,-0.00084761,-0.00063285,-0.00026673,1.8729e-06,-0.00044682,-0.0006571,-0.00025869,2.0684e-05,-0.00046546,0.000159,0.00064204,-0.00069577,-0.00055411,0.00055643,-0.00028451,0.00020425,-0.0006553,0.00034647,-0.00051727,0.00028829,-0.00075834,0.00061354,0.00020717,0.00075211,0.00028838,-0.00028223,-0.00023783,0.00024688,-0.0003281,0.0002513,0.00024102,0.00041221,-0.00030304,-0.00057332,-3.3402e-05,0.00047877,-0.00033938,-0.0006603,0.00067326,-8.3865e-05,-6.3584e-05,-0.00019495,0.00064551,0.00050984,-0.00014061,0.00082279,-7.108e-05,-0.00039333,-0.00027895,-0.00012746,0.00013484,-0.00069234,-0.00075635,0.00065667,3.4814e-05,0.00079749,8.0353e-05,0.00025987,0.00015895,0.00065183,0.00013097,0.00016051,0.00071186,-0.00057642,-5.7507e-05,0.00098825,2.5132e-05,0.00066572
4.2222e-05,-0.00012073,-0.00052816,-7.6059e-05,0.00070444,-0.00031102,-0.00028766,-0.00052157,0.00054034,3.2176e-05,0.0004628,-8.5028e-05,-0.00013955,0.00080685,-0.00023885,-0.00036858,9.0287e-05,0.00053314,-0.00010345,-0.00028786,-0.00037135,-0.000501,-0.00028735,0.00020918,-0.00031049,-0.00010994,-0.00039,0.00033619,0.00045362,0.00075967,-0.00025882,0.00013661,0.00020846,0.00058525,-0.00020589,0.00044314,-0.00061908,-0.00030114,-0.00076306,-0.00072164,0.00023546,-1.3482e-05,0.00041042,-0.00025822,0.00028032,-0.00062729,-0.00054925,-0.00043172,0.00054514,-0.00037973,-0.0002881,0.00039489,0.00058965,-0.00071155,0.00049808,-0.00026646,9.3149e-05,0.0001041,0.00032616,-0.00030135,-0.00058153,0.00034891,0.00042879,0.00043647,0.0006523,-0.00026723,-0.00071748,0.00013407,-3.2616e-05,0.00067226,-0.0001695,-0.00025073,-0.00030877,0.00073751,0.00047418,-2.6122e-05,0.00016352,-0.00033172,0.00058301,0.0004065,-0.00032433,0.00051745,-0.00025926,-0.00042604,-0.00041866,0.00059211,-0.00066181,0.00041863,-0.00060747,-0.00054063,4.5649e-05,-0.00038435,0.00088277,0.00020814,-0.00049123,-0.00027494,-0.000185,0.00022138,0.00032329,8.9701e-05,0.00024717,0.00054815,-0.00037555,-0.00069136,-0.00094395,-0.00017495,-0.00076664,-0.00013556,0.00072884,0.00035818,4.3393e-05,-0.00034859,0.0011323,-0.00010508,-0.00040162,0.0010371,0.00036416,-0.00077897,-0.00019466,0.00043972,8.9652e-05,-0.0002237,0.00027504,-0.00051358,0.00066397,6.2791e-05,-0.0004253,0.0010835,-0.00057657,-0.00044367,-0.0005028,-0.00039706,3.848e-05,6.3166e-05,0.00036723,-0.00030431,0.00018657,0.00070508,0.00012095,-0.00034323,-0.00031623,-0.00019861,0.00020218,0.00028446,0.00032849,-0.00029466,0.00054494,-0.00052769,0.00027909,-0.00020283,0.00056502,0.00028874,-0.00040138,-0.00036564,0.00081921,-0.00013074,0.00067655,-0.000475,0.00018178,0.00024008,-0.00018845
-0.00048093,-0.00014884,-0.00035625,-0.00025475,-0.00019799,0.000239,0.0003963,-0.00048399,-4.2745e-05,-0.00051604,0.00067322,0.00076835,0.00064207,-0.00068193,-0.00060428,-0.00031502,0.00067445,0.0001576,0.00024825,-0.00061987,-0.00021903,-0.00046505,0.00011941,-0.00031466,-0.00038661,6.4743e-05,6.5663e-05,-0.00028348,0.00046769,0.00080197,0.00017711,-0.0001504,0.00011126,0.00020377,-0.00053761,-0.00033738,-0.00052638,-0.00039817,-0.00014985,0.00064765,0.00026931,-0.00041809,0.00051702,0.00046066,0.00075022,-0.00043914,-0.00029142,0.00030471,-0.00052306,-0.00036553,-3.7514e-05,-0.00015552,0.00038937,-0.00031164,0.00042613,0.000429,-0.00058514,-0.00034436,0.00041489,0.00079704,-8.8654e-05,-1.6536e-06,-0.00045343,0.00043455,-7.5366e-05,0.00028974,0.00065591,-0.00044867,0.00075856,6.5276e-05,0.00063528,-7.9334e-05,-0.00018217,0.00021821,0.00026136,-0.00022762,-0.00064128,-0.00035588,-0.00022621,0.00037608,0.00054552,4.8712e-05,-0.00054303,0.00034594,0.00048356,0.00057484,-0.00016475,-0.0001962,-0.00041332,6.0358e-05,-0.00020999,1.77e-05,-0.00043477,-0.0005471,-0.00071043,0.00043673,-0.00074037,0.00037817,3.937e-05,-0.00058871,-0.00072757,-0.00026729,0.00096672,0.00020315,-0.00020353,0.00039737,0.0005502,-0.00015294,0.00028427,0.00012318,-0.00037818,-0.00037287,0.00030258,-0.00020063,0.00083745,-0.00036903,0.00038961,0.00053227,-0.00018371,-0.00017754,7.8703e-06,-0.00044128,0.00035333,-0.00027796,0.00013595,-0.00056075,0.00038698,-0.0005609,-0.00031371,0.00064615,6.0956e-05,8.6305e-06,0.00021721,0.00024065,0.00024161,-0.00077545,-0.00014922,-0.00060912,-0.00020723,-0.00088969,6.6381e-05,0.00087506,3.0584e-05,2.4095e-05,0.0008082,-0.00027216,0.00021648,0.00089448,0.00018871,0.0004771,0.00086098,0.00066789,-0.00015604,0.00086402,0.00061221,0.00020742,0.00038986,-0.00047786,-0.00051517,0.0010068,0.0010423
0.00052718,-0.00022021,-0.00027781,-3.0074e-05,-4.7706e-05,-0.00028757,0.00050365,7.3773e-05,-0.0005099,0.00064243,0.00031391,0.00059391,-0.00023215,-0.00065085,-0.00041881,-0.00011528,0.00047287,0.0003544,0.00054355,-0.00012892,-0.0003529,0.00050408,-6.8617e-05,-0.00062523,0.00054367,0.00044368,-4.6056e-05,-0.00037656,0.00025242,3.4546e-05,-0.00072674,-0.00040408,-0.00015827,0.00019436,-2.7673e-05,-0.00032202,-9.446e-05,0.00073027,-0.00021275,-0.00020571,0.00011081,0.00027365,-0.00016666,0.0004253,-0.00055817,0.00015002,-1.7976e-05,0.00040745,-0.00090445,0.00072565,-0.00029795,-0.00073087,0.00014421,0.0010036,0.00090164,-0.00069704,0.00047197,-0.00016382,0.00012463,5.8117e-06,-9.1678e-05,2.0302e-06,-0.00036199,0.00025092,4.7669e-05,0.00051143,0.00028417,-0.00091614,0.0010196,-7.9129e-05,0.00039569,-0.00048836,-0.00055998,0.00032225,0.00027514,0.00043922,0.00059228,0.00015241,-0.00020692,-0.0004629,0.0005806,0.0005176,0.00043672,0.00083159,-0.00030011,0.00017899,0.00076579,0.00049628,-0.00031107,5.9236e-05,0.00045162,-0.0004494,0.00050715,0.00021594,-0.000361,0.00082791,-0.00050369,0.00054801,0.00043243,0.00056012,0.0007145,-7.0477e-05,-9.8168e-05,0.00048193,-0.00010944,-0.00012248,0.00020198,-0.00077698,0.00076086,-6.4418e-05,0.00036747,0.00073512,0.00021691,0.001032,-0.00044764,-0.00042506,-3.889e-06,-0.00037862,0.00062512,0.00068189,0.00032006,3.3238e-05,0.00066922,0.00049194,0.00031481,-0.00076378,-0.00046878,0.00014162,0.00047175,0.00037215,-4.3094e-05,0.00042842,0.00043567,-1.5587e-05,0.00070438,9.2037e-05,0.0007651,-0.00035541,3.5469e-05,-0.00086418,0.00076732,0.00023203,6.3921e-05,-0.00038278,0.00012726,0.0003781,0.00089771,-0.00023233,-0.0005727,-0.00033308,0.00022111,0.00018686,0.00068001,-0.00048464,0.00016639,0.00027482,-0.00048178,-6.9055e-05,-0.00020487,-0.00013621,-6.2992e-05
-0.00015057,0.00033132,-1.4866e-05,0.00049603,0.00044005,0.00056081,-0.00030626,-0.0006577,0.0002477,-0.00021742,-0.00019115,-0.00029392,4.0932e-06,0.00025111,0.00055783,0.00044048,1.38e-06,-0.00022548,-0.00029216,6.1114e-05,0.00034379,0.00024475,-0.00067208,-0.00014588,-0.00015105,-0.00056456,-0.00029329,0.00037331,3.376e-05,-0.0001919,2.7519e-05,-0.00010522,0.00026898,0.0004068,0.00011834,8.2009e-05,0.00014025,-0.00012412,-0.00026684,0.00039362,0.00029273,-0.00010773,-0.00059084,-0.00084666,0.0008913,-0.0006071,0.00050944,0.00052169,-0.00054201,-0.00021748,0.00051074,0.00029872,0.00059619,-0.0007697,0.00027719,3.5943e-05,-0.00023647,-0.00020146,0.00019935,0.00012261,0.00052637,-0.00034817,0.00045117,-0.00036148,-0.00022676,0.00042421,-0.00063991,0.00050572,0.00072538,0.00016163,-0.00081163,-0.00084921,-0.00091934,8.1971e-05,-0.00052338,0.00030788,-3.22e-05,0.00022424,-0.00066968,-0.00080897,0.00036428,-0.00065497,5.4567e-05,0.00040349,-7.8084e-05,0.00043611,0.00042185,7.8336e-05,-0.00026461,6.8524e-05,7.9553e-05,-6.8085e-05,-0.00010819,-5.3751e-05,-8.3603e-06,0.00042924,7.7484e-05,0.00020865,9.6583e-05,-0.00021125,6.1401e-05,3.9561e-05,0.00055469,0.00062128,7.9418e-05,0.00097974,-0.00044898,0.00021553,-0.00030469,-4.9815e-05,-0.00041352,2.4734e-05,0.00081146,-0.00041977,-0.0001309,0.00067847,-0.00017845,-8.4254e-05,0.0003604,0.00014356,-0.00069801,-0.00049655,0.0009637,0.00025693,-8.6368e-05,-0.00037501,-0.00043329,0.00010979,0.00016542,0.00042357,0.00025712,5.8124e-05,0.00075044,0.0003419,-0.00037016,1.8369e-05,-0.00013214,0.00039244,-2.8521e-05,-9.374e-05,0.00052168,-0.00039298,0.00017984,0.00025596,-0.00048623,0.00012853,0.00028521,-0.00035315,-0.00017695,0.00022243,-0.00047148,2.7115e-05,-0.0004089,-0.00013251,7.4678e-05,-0.00072541,0.00066807,-0.00074297,0.00060216,-6.0424e-05,0.00024231
-6.1396e-05,-0.00053146,2.3551e-05,-0.00046056,-0.00012955,7.8671e-05,9.4239e-05,0.00017872,-0.00038989,4.3549e-05,0.00035035,3.4278e-05,-0.0003157,0.00016908,-0.00016379,0.00024362,0.00028184,6.6984e-06,0.00014853,-0.00021421,-0.00018268,-0.00032089,8.2184e-05,0.00066888,-0.00021262,-0.00027531,0.00039914,-2.5353e-05,0.00034064,0.00030238,0.00019506,-1.5728e-05,-0.00042334,0.00023066,0.00031334,0.00033347,-0.0006848,0.00015695,-0.00054405,-0.00016022,-0.00072407,0.00015581,5.9739e-05,0.00030634,-0.0010482,-0.00045253,-4.769e-05,-2.4395e-05,7.3993e-05,0.00057898,-0.00048538,-0.00013588,-0.00030823,0.00036291,-0.0004599,-0.00025191,6.3885e-05,-9.9355e-05,-8.0423e-05,0.00033181,0.00031669,0.000153,0.00077164,0.00045475,0.00011858,-0.00059438,-0.00011817,0.00072378,0.00030452,-0.00022223,0.00047518,4.148e-05,0.00068429,0.00040384,-1.1405e-05,-0.00079101,0.00015059,0.00015387,-0.00033874,0.00068161,-0.00061571,0.00079115,-0.00016187,-9.0788e-06,7.7012e-05,0.00079923,0.00053644,-0.00035709,-0.00027924,0.00044999,0.00042523,0.00059061,0.00029855,7.818e-05,-0.0001789,7.515e-05,-7.0095e-05,0.000464,0.00068419,0.00035334,0.00044807,0.00034938,0.00011193,-0.0011409,5.729e-05,-0.00048792,0.00020182,0.00060165,-1.7004e-05,-0.0001008,-0.00069077,-0.00037232,0.0010888,0.0004598,0.00048011,0.00063244,-0.00059768,-0.00057745,0.00042915,-0.00030548,-0.00095254,0.0011156,-7.5459e-05,0.0002146,0.00043256,0.00022532,-0.00093267,-4.8185e-05,-0.00047414,-0.0008513,-0.00070145,0.00043478,-2.6831e-05,0.00021149,-0.00025115,-0.00031818,0.00025803,0.00075786,5.1644e-05,-0.00036167,-0.0003249,0.00042955,0.00055598,0.00038522,-0.00018626,-0.00073425,-6.83e-06,-0.00074297,0.00025841,0.00076741,-0.00058328,0.00024366,0.00078751,-5.6964e-05,7.0575e-05,-0.00048816,-0.00014362,0.00048312,1.1537e-05,-6.6397e-05,-0.00038622
-0.00096404,0.00055737,-0.00025804,0.00038797,9.9316e-05,-0.00071628,-0.00022028,0.00050175,0.00055099,0.00031812,0.00043405,-0.00017467,-0.00011676,-0.00058151,-0.00041616,-0.00036659,0.00057285,-0.00013962,-0.00010034,0.00037683,0.00028797,0.00047227,0.0001965,-0.0004899,9.3366e-06,-0.00039521,0.00053882,-0.0001108,0.00025632,-0.0004822,-0.00047255,-0.00038212,0.00018368,-0.00055917,5.8881e-05,-0.00019169,-0.00032465,0.00015645,-7.3189e-05,0.000262,1.0798e-05,0.00033424,0.0001247,0.000231,0.00055031,0.00037968,0.00049914,-5.2006e-05,0.00050438,0.00025612,-0.00063774,-1.3621e-05,3.0948e-05,-6.5532e-05,0.00017729,-0.00056645,-0.00027327,-0.00053969,-0.00015946,-0.0004076,0.00071311,0.00033765,-0.00022977,0.00039644,-0.00033687,0.0005804,-0.00030511,-0.00061053,-0.00032418,0.00073384,-0.0002242,0.00060494,-0.00012731,-0.0005485,0.00041752,0.00036018,0.00024918,-0.0003939,0.00028416,0.00041802,-9.7306e-05,-0.00025985,-0.00028241,-0.00056151,0.00021699,0.00025215,0.00064792,0.00068248,0.00076597,0.00050373,-0.00014489,-0.0005473,0.00059056,0.0001854,-0.00059654,-0.00046693,0.00031484,-0.00025122,-9.7226e-05,0.00029007,0.00013848,-0.00052985,0.00030971,0.00062735,0.00027045,0.00063164,4.026e-05,0.00079313,-0.00044375,0.0005153,0.00028361,-0.00059595,-0.00023377,0.00012322,-0.00024827,-0.00043552,-0.00027158,-0.00030051,-0.00020815,-6.1392e-05,0.0011671,-0.00038073,-0.00023991,-0.00011444,-0.00041423,0.00031271,6.8628e-05,-0.00025845,-0.00041754,0.00049329,-0.0006085,3.4675e-05,-0.00024361,-0.00047041,0.00033701,-0.00030133,9.708e-06,1.0319e-05,2.1477e-05,-0.00019921,0.00056326,-0.00055306,-0.00034275,0.00058906,-0.0005826,-0.00074272,0.00049776,0.00028366,0.00018698,-0.0005942,0.00076713,-0.00049128,-0.00026062,0.00075574,-0.00059348,0.00018352,0.00055082,0.00044783,4.5662e-05,-0.00012977,-6.5343e-06
-0.00035932,9.0178e-05,0.00022994,-7.7275e-05,0.00033851,0.00032123,0.00048193,-0.00041229,0.00011289,0.00078483,-0.00037552,8.5098e-05,5.9555e-05,-0.00078305,-0.00010104,-0.00011361,0.0004216,-0.00029969,0.0001184,-0.00019393,-0.00027326,0.00049418,-0.00025762,-0.00019896,4.1148e-05,0.00028901,-0.00032705,-0.00019706,-0.00021096,0.00030757,1.7539e-05,-0.00079593,-0.00041181,-8.4771e-05,-0.00079044,-0.00025245,0.00028744,0.0003272,-0.000287,0.0005609,-0.00011342,0.00051347,0.00055049,-4.2114e-05,-0.0010847,-0.00032403,-0.0001094,0.00022594,-0.00016414,0.0010161,-0.00099495,-6.5821e-05,-0.00081476,0.00071888,0.0004442,0.0002807,-0.00012426,0.00030133,-0.00049568,-0.00041223,-0.00050495,0.00033297,4.4855e-05,6.7854e-05,-0.00026183,-0.00042167,-0.00066062,0.00077258,0.00034436,-0.00018776,0.0001421,0.00017429,-6.1325e-05,0.00025496,-0.00055633,0.0010132,-0.000508,0.00017491,0.00073195,-0.00042488,-0.00039632,0.00010011,-0.00016798,-0.00059081,0.00068866,0.0004221,0.00028804,0.00037615,0.00064802,-0.00025981,-0.00036247,0.00018358,0.00035041,0.0001455,0.00051569,0.00025798,-0.00028128,-0.00064391,0.00027342,0.0006976,0.00038121,-0.00017083,-0.00023327,0.00014592,0.00078488,0.00031081,0.00094824,-0.00050327,0.00089478,-2.0046e-05,0.00088647,0.0007698,-0.00072354,-0.00025576,2.7401e-05,-4.44e-05,0.00081444,-0.00041967,0.00071115,5.4918e-05,0.00037749,0.00065131,0.00055207,0.00049707,0.00052234,0.00049794,-0.00037249,-0.00027877,-0.00054131,0.00012505,0.0001211,0.00013843,4.7793e-05,-0.00018608,0.00042919,-0.0003098,-0.00057613,-0.00051601,-0.00070947,-0.00013937,0.00055348,0.00030586,6.5189e-05,-2.8381e-05,-0.0001198,0.00053588,0.00029709,-0.00041784,0.00044109,0.0003484,0.00028909,-0.00034655,6.4628e-05,-9.3099e-05,-0.00035769,0.00034321,-0.00022008,0.00033771,-0.00015246,0.00083984,0.00034755
-0.00015446,0.00042408,-0.00045916,0.0004788,0.00018853,0.00029575,0.00027603,0.00019221,0.00061289,-0.0001561,-0.00034636,0.00035109,-0.00015881,-9.7011e-05,-0.00010799,0.00017924,0.00017391,-0.0002875,-0.00058687,7.3794e-05,7.5378e-05,0.00050005,-0.00018189,-0.00043425,0.00040419,0.00014854,-0.0004609,6.4599e-05,-0.00036595,-0.00030639,-0.00045956,8.6835e-05,0.00044392,1.7567e-05,-0.00097734,-6.1767e-05,-0.00050985,-0.00016889,0.00056727,-0.00029659,-0.00022392,-0.00051827,0.00011591,0.00036136,0.00065842,-0.0005516,-9.0807e-05,0.00062229,-0.00035647,-0.00017056,0.0013379,0.00019484,0.00034438,-0.00040026,-9.7092e-05,-0.00058214,1.0437e-05,-0.0006871,-3.9459e-05,-0.00040448,0.00025433,6.8428e-05,0.00071815,0.00064705,0.0010616,-0.00011447,0.00036168,0.00066575,0.00044448,0.00071498,0.00032706,0.00021039,-0.0003163,-0.00028366,-0.00014997,-0.00096685,-0.00064567,-0.0006182,0.00045116,-0.0001693,-0.00047104,0.00082344,-0.00050784,0.00060103,-0.00053931,0.00070151,0.00032265,-0.00056822,-0.00078247,0.00064162,0.00041769,-0.00018362,-7.2019e-05,-0.00014255,0.00016954,-0.00032905,-0.00077518,0.00035164,0.00011648,-0.00032092,0.00031005,4.8139e-06,-0.00042764,8.965e-06,0.00052418,-0.00032717,-0.00047289,-0.00085245,-0.00032696,-1.9812e-05,0.0008157,-0.00018115,-0.00015937,0.0002557,0.00023612,-0.0010942,-0.00054322,0.00046413,0.0004373,-0.00048613,0.00062376,3.5993e-05,-0.00070827,-0.00012492,-0.00076908,-7.0519e-05,-0.00065255,-0.00047459,-0.00011194,0.00036283,-0.00070717,-0.00062986,0.00041927,-0.00072453,8.955e-06,0.00050017,-0.00020794,0.0001646,-0.00015533,0.00063488,0.00019991,-0.00040683,0.00026541,-0.00025323,-0.00033092,-0.00062727,-0.00032501,0.0005705,-0.00050463,-0.00067215,-0.00034628,0.00012589,-0.00011836,-0.00012321,-3.9402e-05,0.00037436,-0.00017436,-0.00051458,-0.00014163,-0.00069426,-0.00098255
0.00042555,-0.00028385,-3.0192e-06,-0.00022206,-0.00039498,0.00013686,0.00024919,-0.00015891,-0.00017858,-0.00026746,-0.00056552,0.00042497,0.00023375,0.00020397,0.00024325,6.5315e-05,0.00027753,-0.00016229,0.00025847,-0.0001288,6.2148e-05,0.00025115,-0.00012467,0.00030655,0.00058829,-0.00042422,-0.00021029,0.0002251,-0.00026032,-6.8674e-05,-0.00054195,0.00024363,0.00024418,-4.1932e-05,0.0006117,0.00079612,-0.00023221,0.00015027,-0.00018974,0.00022817,7.7917e-05,0.00017261,-0.00015831,0.00016424,7.5822e-05,-0.00045672,0.00024126,-0.00073037,0.00043884,-3.4114e-05,0.00049719,-3.279e-05,-0.00019537,0.00016052,-0.00048365,-5.4513e-05,9.9736e-05,0.00028327,-0.00042522,0.00067626,-0.00085536,0.00043251,-0.00049198,0.00021862,0.00022967,0.00019873,0.00039424,-0.00030758,-0.0003122,-0.00066982,-0.00013428,-0.00024186,-0.00029572,-0.00015692,-0.00059138,0.00018382,0.00025667,0.00027311,-0.0010007,0.00011983,0.00062094,0.00051024,-0.00017155,0.00071605,0.00050101,-0.00026677,-0.00041833,0.00026143,-3.4389e-05,0.00077562,-8.1245e-05,-0.00059366,0.00070497,-0.00071637,-0.00069046,-0.00015072,-0.00080835,0.00067215,0.00030948,0.00021552,0.00056404,-0.00071971,0.00059439,-3.4501e-05,-0.00029701,-0.00075837,-0.00045913,-5.4701e-05,-0.00062855,0.00015203,-0.00015895,-8.2018e-05,-0.00017844,0.00040313,0.00025615,0.00047318,-0.0004441,0.00016126,-0.0003744,0.00092005,-0.0011726,2.6351e-05,-0.00013007,0.00051453,-0.00064077,0.00025113,-0.00053039,0.00064327,-0.00037603,-0.00014026,0.00016245,0.00041361,-0.00055826,0.00062368,-0.0006987,0.00083962,9.4191e-05,0.00025896,0.0010436,0.00010671,0.0004617,0.00044752,9.5913e-07,5.9309e-05,-0.00050196,-0.00029547,-0.00039236,-0.00059743,-0.00010709,8.1139e-05,-0.00031432,0.00049686,0.00091133,-0.00024807,-0.00011467,0.00093153,0.00043993,0.00063607,0.00039904,-0.00067296,-0.00026421
-0.0013163,0.00042977,5.6684e-07,-1.6924e-05,-0.00060188,-0.00027479,-0.0003309,-6.1828e-05,-0.00021394,0.00047035,-0.00010247,-0.00040467,-0.00019449,-0.00052863,6.2622e-06,-1.9471e-05,0.00020659,0.00047691,0.00049248,0.00056537,0.00034007,0.00029275,-8.9851e-05,-0.0001062,8.3963e-05,-4.5479e-05,0.00035763,0.00011838,-8.4574e-05,0.0003483,-0.00035767,-0.00043661,-0.00016111,2.9729e-06,-0.00039485,-0.00045831,-0.00041497,-0.00023201,0.0010804,0.00014099,0.00064817,0.00093795,0.00043635,0.00055412,0.00024868,0.00041501,-0.00045989,0.00032184,-0.00018548,0.00071978,1.9754e-05,-0.00037352,-0.00091331,0.00059978,0.00056436,-7.9474e-05,-0.00031414,3.4043e-05,0.00027861,0.00022442,-0.00032857,0.00043352,-0.00080467,-0.00040942,-1.2177e-05,0.00067083,8.1743e-05,-0.00015731,-0.00055551,-0.00048325,0.00047871,-0.00035154,-0.00073636,-0.00074891,0.00053328,-0.00012187,-0.00066609,-0.0005833,0.00051272,0.00018384,0.00042439,7.0845e-05,-0.00013986,0.00013635,-0.00062179,0.00030908,-0.00047255,8.7765e-06,-0.0006665,-0.00072272,0.0004564,-6.6837e-06,0.00068159,-0.00025293,-0.00045474,-0.00041194,-0.00028494,-0.00033963,-0.00062781,-0.00038931,-0.00010724,7.7224e-05,0.00069254,0.00058303,-0.00019433,0.00013309,-1.9483e-05,0.00011834,7.1413e-05,-0.00042951,-2.8003e-05,0.00076054,-0.00081416,0.00029753,0.00085259,0.00028983,0.00074103,0.00048711,0.00027986,-0.00017076,0.00091672,0.00025743,2.1652e-05,7.6178e-06,-0.0002113,0.00029653,0.00037669,0.00019116,0.00085271,0.00028461,-0.00031022,0.00032883,-0.00075111,-0.00032243,-0.00074226,4.9209e-05,0.00063387,-0.00045727,-8.6437e-05,0.00061926,0.00046117,-0.00039908,-0.00010209,-0.00059806,0.00018741,-0.00052511,0.00026144,0.00012443,0.00080561,-0.00059842,0.00040074,-0.0001671,-0.00046979,-1.8432e-05,-0.00094284,-0.00021583,0.00038285,0.00076106,0.00088021,-0.00034589,0.00082593
-0.00046741,-0.00031213,2.8782e-05,0.00036535,-0.00040746,3.7281e-05,0.00043349,0.00019565,8.8732e-05,0.00011091,-6.6946e-05,0.00023274,0.00050918,-0.0005151,-0.00028378,-0.00054464,0.00023637,-0.00029943,0.00012378,0.0003986,0.00037172,2.7008e-05,9.5161e-05,9.2182e-05,-0.0005313,-0.00038009,-0.00064772,0.00023264,0.00023012,-0.00036768,-3.0896e-06,8.6668e-05,-0.00014887,0.00043063,-0.00063098,-0.00016276,0.00038084,-5.6051e-05,0.00028755,0.00040236,-0.00052437,0.00036369,0.00055281,-0.00050594,-0.00066715,-0.0003347,0.00073725,-0.00046898,-6.81e-05,0.00089849,-3.165e-05,0.00019976,-0.0005603,0.00086702,-0.00027249,-0.00050935,0.00041743,-2.553e-05,0.00026822,-0.00052512,-0.00033048,-0.00016036,0.00035466,-0.00048918,0.0003455,0.0002433,0.00021515,-0.00042788,0.00047183,-0.00017286,-0.0002189,-0.000221,-0.00091746,-0.00079378,0.00016874,-0.00053303,0.0004478,-0.00045887,-0.00094793,0.00035449,-0.00034213,-0.00068165,-0.00023546,-0.00035119,0.0001918,-0.00071061,5.1986e-05,-0.0002002,0.00043272,-0.00023801,-0.00015869,0.00062412,-0.00046963,0.00015152,-0.00011174,-0.00031243,-0.00027285,0.00011557,-0.0007192,0.00070652,-0.0011046,0.00050152,0.00023195,0.00019081,0.00028135,0.00030443,0.00011471,0.00055821,-0.00014692,-0.0004007,0.00087897,-0.0003277,-0.00038201,0.00046934,-0.00046372,-2.4578e-05,-0.00025457,0.00058673,-0.00032384,-0.00073696,0.00035346,-0.00061436,-0.00074025,-0.00054495,-0.00012855,0.00095177,9.7677e-05,-0.00079406,-0.00031354,0.00039504,-0.00013817,5.3926e-05,-0.00051057,3.3776e-05,0.00031801,-0.00047195,0.00051517,-0.00014344,0.00016018,-0.00024471,-0.00022218,-0.00062249,0.00013555,-0.0004593,-0.00055657,8.6805e-05,0.00078323,-0.00012622,0.00053249,-0.00055838,0.00033797,-0.00016768,0.00040624,-0.00079067,0.00036177,0.00017106,0.00042308,-5.1845e-05,-0.00041243,-0.00021505,0.00030813
4.5725e-05,-0.00023642,0.00043461,-0.00039731,0.00038391,-0.00015211,-4.6175e-06,0.00041805,-0.00050633,0.00012601,0.00024905,-3.6304e-05,0.00038136,0.0004966,-0.00048565,-0.00065048,1.8974e-07,-0.00061853,7.1394e-05,-0.00068607,-4.872e-05,0.0005788,-0.00049606,0.0003178,-0.00020833,-0.00034771,1.8611e-06,0.00020923,0.00079974,0.00062754,-0.00015583,4.6549e-05,-0.00023184,0.00051297,0.0005816,0.00052943,0.00019047,0.00019191,-0.00065155,-0.00076266,-0.00032887,-0.0001225,-0.00024327,0.00034843,-0.0002809,-0.00063991,0.00022286,0.00064187,0.00018049,-5.5903e-05,-0.00053606,-0.00059008,0.00055068,0.00057748,-0.00092395,-0.00049032,0.0005918,-0.00039802,0.00075691,0.00042943,-0.00023532,7.4763e-06,0.00033211,-0.00034938,0.00029114,-0.00049114,-0.00045516,2.4536e-05,-0.00048186,-0.00021736,-0.00069231,-0.00025462,0.00039826,0.00055401,0.00072463,0.0007866,0.00017364,0.00050693,0.00054403,0.00063881,0.00033241,-0.00010568,0.00069707,0.00030401,-0.00018324,-3.2183e-05,-0.00016688,0.00023422,-0.00014484,-0.00052885,-0.0006092,-0.00014603,-4.6164e-05,0.00088546,-0.00029965,0.00023303,0.00072504,0.00027875,-5.0825e-05,0.00056593,0.00056059,-0.00018988,-0.00031133,6.5339e-06,-5.0666e-05,1.7511e-05,-0.00057416,-0.00035384,0.00010472,0.00012148,-0.00053979,0.0004095,2.121e-05,0.00044417,0.00033196,0.0006559,9.8964e-05,-0.00076786,-0.00060392,0.00042557,-0.00077533,0.00026721,-0.00028604,-9.9536e-05,0.00031214,4.2169e-05,-0.0007117,0.00012471,6.3836e-05,-0.00062013,6.3151e-05,0.00055405,-0.00018363,0.00047809,-0.00055717,0.00026634,0.00082708,0.0005927,0.00088743,-0.00031686,-0.00031831,0.00035051,0.00010394,-3.1239e-05,-5.4051e-05,-0.00081765,-0.00026696,-0.00026278,0.00026372,-6.2063e-05,-0.00013447,-0.00054059,0.00082772,-4.2978e-05,-0.00041374,6.6685e-05,0.00044862,-0.00020123,3.5259e-05,5.3802e-05,0.00026299
-0.00098106,-0.00054696,0.00010092,-1.4243e-06,-0.00048368,-0.00015792,0.00047542,-0.00040476,0.00039612,0.00026831,-0.00049074,0.00033234,0.00026706,-0.00050178,-0.00022897,-4.4994e-05,0.00015778,0.00076163,-0.00029486,0.00053307,1.2739e-05,-0.00058134,0.00043605,0.00017728,-0.00027583,0.00013108,-0.00058234,0.00081566,-0.00047923,0.00032989,-0.00029583,-0.00015471,1.7714e-05,-0.0004788,0.00045053,-0.00070296,0.00013969,0.00079904,0.00046057,-0.00030988,-0.00029378,-0.00040937,0.00050259,0.00029792,1.4482e-05,-0.00098223,0.00054385,0.00084599,-0.00054027,-7.6972e-05,-0.00036683,-0.00035544,0.00027226,-0.00014856,-0.00047863,0.00064365,0.00031855,0.00060256,-0.00013248,0.00048794,0.00066973,5.6609e-05,-0.00052604,0.00024148,-0.0003438,0.00015288,-0.00026075,-0.00012444,-0.00084264,-0.00096855,-0.00030655,0.00038822,-0.00029896,-0.00034861,-1.4718e-05,6.3847e-05,-0.00070662,0.00020718,0.00020863,-0.00068021,0.00020065,-0.00084453,0.00051621,0.00035518,0.00051452,0.00031072,-0.00027794,-0.00067466,0.00041187,-0.00038679,-0.00056306,0.00065349,0.00063056,0.00068666,0.00076476,-0.00074224,8.9038e-05,-0.00057011,-0.00016646,-0.0003116,9.4608e-05,0.00041465,-7.6372e-05,0.0010051,0.0004497,0.001207,0.00018198,-0.00012796,-0.00011203,-0.00011352,-0.00016389,-0.00024508,-0.00089654,0.00036895,0.00050448,-0.00052231,0.0010191,0.00039768,0.00021746,9.4402e-05,-0.00018991,-0.00053717,-0.00026975,0.00056577,0.00055919,0.0003719,0.0010043,0.00026414,-0.00022882,0.00072707,0.00078672,0.00033977,-0.00015598,0.00021455,0.00077079,-0.00061722,-0.00039869,-0.00031135,0.00022493,-0.00039582,-0.000161,0.00010579,-0.00029088,0.00026526,0.00064751,8.4617e-05,0.00014888,-0.00035675,0.00042117,0.00018381,0.00066879,0.00018172,-0.0007211,0.00056026,0.00054842,-0.000291,0.00035695,0.00038367,0.00051379,0.00054366,9.6628e-05
0.00077039,-0.00062449,-3.3323e-05,-0.00014115,0.00010772,0.00016074,-0.00012157,-0.00043657,-3.1305e-05,-9.6704e-05,0.00036741,-0.00037423,0.00043172,-0.0001648,-0.00024804,-0.00048136,0.0002137,0.000423,9.1509e-05,-5.6386e-07,2.9109e-05,-0.00053948,2.3136e-05,0.00031922,3.815e-05,0.00037234,-9.7453e-05,-0.00014456,0.00059326,-0.00025091,0.00039255,-0.00041708,0.00049106,-9.2592e-05,-0.00039546,0.00040274,-3.0603e-05,-9.8973e-06,-0.00064256,-0.00049711,0.00032399,6.9018e-05,-2.0873e-05,-6.3058e-05,0.00016534,0.00039718,0.00044463,-0.00071765,-4.6175e-05,7.7212e-05,8.1078e-05,0.00010621,-3.7531e-05,0.00075964,-0.0010404,0.00043307,-0.0003657,-0.00021078,-0.00017094,-0.00021541,-0.00026188,0.00042809,0.00079847,0.00066714,0.00082935,-0.00041213,-0.00058832,5.2691e-05,0.00049079,0.00051941,-0.00044609,-0.00036967,-0.00052807,0.00011084,0.00036295,-8.8777e-05,-0.00031167,-0.00031691,-0.00051099,0.00024488,0.00010593,0.00059249,0.00024781,-9.2346e-05,0.00025729,-0.00034677,0.000225,0.00044003,0.00010343,0.00074895,0.00025408,0.00031529,-0.00030876,-0.00087198,-4.0849e-05,-0.00046867,0.00040244,0.00042355,-0.00022866,-0.00033891,0.00059522,-0.00036569,-0.00010622,-0.000543,-0.00013523,3.6926e-05,-0.00066336,-0.00025758,-0.00032981,-0.0004551,0.0006283,-0.00047177,-0.00028651,0.00033329,-0.00049436,0.00042418,-0.000412,0.00017713,-0.00053559,-0.00030084,-0.00071777,-0.00060491,-0.0001305,-0.0005192,2.9528e-05,0.00031881,0.00024107,-0.00011728,0.00060413,-0.00054919,0.00028977,0.00030304,-0.00022549,-6.0027e-05,-0.00051666,0.0004154,-0.00057202,-0.00012058,0.0006306,-0.00045187,0.00018617,0.0004168,0.00058399,0.0001577,-0.00067894,-0.00038391,-0.0004166,3.508e-05,0.00010312,-0.00046409,-0.0001498,-7.8147e-06,-0.00072217,0.0006679,0.00041169,-0.00045782,0.00034617,8.15e-05,-0.00070188,0.0001515,-0.00080061
0.0004599,-0.0003855,-0.00047952,0.00029933,-0.00035463,-0.00085992,-6.2585e-05,0.00031084,0.0005053,0.00016357,-0.00037964,-0.00071437,0.0004286,-1.6999e-06,-0.00022794,-0.00057811,0.00074124,0.00013013,-0.00034246,-0.00028537,-0.00039946,-0.00059372,0.0001851,0.00056552,6.5275e-05,0.00034093,0.00071343,0.00042352,0.00031168,0.00069304,0.00020675,-0.00037382,-0.00033881,0.00054318,-1.4612e-05,0.00014987,-6.969e-05,-0.00059102,2.9681e-06,-0.00018764,-0.00071892,-0.00048308,0.00022852,0.00079061,0.00037694,-0.00027806,0.0003283,0.00027883,0.00016001,-0.00063952,0.0005977,-4.927e-05,0.00064962,-0.00030051,0.00025429,-0.00012459,-0.00042278,-0.00013479,0.00041499,0.00070627,0.00079967,0.00017742,-8.7824e-05,-0.00045758,-9.2716e-05,-0.00031106,0.00029769,0.00028296,-0.00044344,-6.2122e-05,-0.00022721,0.00081703,0.00070645,0.00023984,0.00098356,0.00047399,0.00042395,0.00042444,0.00093702,-0.00012328,5.4848e-05,0.00052023,-0.000138,-0.00047532,0.00014437,-0.00055744,-0.00075766,-0.00021366,-0.00016782,0.0004147,-0.00014339,0.0002415,-0.00049657,0.00064292,0.00051211,-0.0001867,-0.0001365,5.3072e-05,0.00070468,0.00018804,0.00036674,0.00028905,-0.00063693,-0.00087479,0.00014399,0.00054563,-4.5292e-05,0.000132,0.00060071,0.00059675,-3.0756e-05,-0.00021889,0.00051586,-0.00051093,-0.00042256,-0.0002625,-0.00066616,-0.0008169,-0.0005537,0.00032253,-4.7486e-05,7.3322e-05,0.00071637,0.00048174,0.00056833,0.00024495,-0.00076777,-0.0003362,-9.3382e-07,0.00073731,-0.00019875,0.00021346,0.00018455,0.00020374,0.00058797,0.0001826,-0.00020128,-0.00026641,4.7766e-05,-0.0001028,-2.2618e-05,0.00051954,-0.00036415,-0.00058143,0.00038733,-0.00024691,-0.00016054,-0.00027998,-0.00034891,0.00055747,-0.00049433,0.00029702,-0.00095595,0.00097859,-0.0003676,0.00021915,0.00044423,-0.00060077,-0.00036028,-0.00033094,0.00064995
